1;1;1;GAN001;GAN 356 RS;n/A;"16,99";10;n/A;n/A;jpg;n/A;n/A
2;1;1;GAN002;GAN 356 X;n/A;"49,99";10;n/A;n/A;jpg;n/A;n/A
3;1;1;GAN003;GAN 356 M;n/A;"32,99";10;n/A;n/A;jpg;n/A;n/A
4;1;1;GAN004;GAN 356 AIR;n/A;"24,99";10;n/A;n/A;jpg;n/A;n/A
5;1;1;GAN005;GAN 11 M PRO;n/A;"64,99";10;n/A;n/A;jpg;n/A;n/A
6;1;2;MOYU001;MOYU Weilong GTS3 ;n/A;"29,99";10;n/A;n/A;jpg;n/A;n/A
7;1;2;MOYU002;MOYU Weilong WR ;n/A;"38,99";10;n/A;n/A;jpg;n/A;n/A
8;1;2;MOYU003;MOYU Weilong GTS3 LM;n/A;"34,99";10;n/A;n/A;jpg;n/A;n/A
9;1;2;MOYU004;MOYU Weilong GTS2 M;n/A;"26,99";10;n/A;n/A;jpg;n/A;n/A
10;1;2;MOYU005;MOYU RS3 M 2020;n/A;"8,99";10;n/A;n/A;jpg;n/A;n/A
11;1;3;QIYI001;QIYI MS;n/A;"7,99";10;n/A;n/A;jpg;n/A;n/A
12;1;3;QIYI002;QIYI Thunderclap V3 M;n/A;"9,99";10;n/A;n/A;jpg;n/A;n/A
13;1;3;QIYI003;QIYI Wuwei;n/A;"14,99";10;n/A;n/A;jpg;n/A;n/A
14;1;3;QIYI004;QIYI Thunderclap;n/A;"8,99";10;n/A;n/A;jpg;n/A;n/A
15;1;3;QIYI005;QIYI MS;n/A;"7,99";10;n/A;n/A;jpg;n/A;n/A
16;1;4;YUXIN001;YUXIN HuangLong M;n/A;"24,99";10;n/A;n/A;jpg;n/A;n/A
17;1;4;YUXIN002;YUXIN Angstrom Little Magic;n/A;"17,99";10;n/A;n/A;jpg;n/A;n/A
18;1;4;YUXIN003;YUXIN Kylin V2 M;n/A;"9,99";10;n/A;n/A;jpg;n/A;n/A
19;1;4;YUXIN004;YUXIN Little Magic;n/A;"4,99";10;n/A;n/A;jpg;n/A;n/A
20;1;4;YUXIN005;YUXIN Treasure Box;n/A;"13,99";10;n/A;n/A;jpg;n/A;n/A
21;1;5;XMAN001;XMAN Tornado V2;n/A;"24,99";10;n/A;n/A;jpg;n/A;n/A
